{
  "lda": {
    "perplexity": 88.77818002852923,
    "topics": [
      {
        "topic_id": 0,
        "words": [
          [
            "discusses",
            0.10112152342289896
          ],
          [
            "meaningful content",
            0.1011083122813353
          ],
          [
            "discusses natural",
            0.10102916400733511
          ],
          [
            "language processing",
            0.10100442571324808
          ],
          [
            "contains",
            0.1009994260773742
          ],
          [
            "meaningful",
            0.10097967929864494
          ],
          [
            "learning",
            0.10097192145451919
          ],
          [
            "paper contains",
            0.10095795338270368
          ],
          [
            "processing techniques",
            0.10094480375871662
          ],
          [
            "contains meaningful",
            0.10093172608201116
          ]
        ],
        "top_words": [
          "discusses",
          "meaningful content",
          "discusses natural",
          "language processing",
          "contains",
          "meaningful",
          "learning",
          "paper contains",
          "processing techniques",
          "contains meaningful"
        ]
      },
      {
        "topic_id": 1,
        "words": [
          [
            "machine",
            0.10106157194294334
          ],
          [
            "natural language",
            0.10105862290496939
          ],
          [
            "paper contains",
            0.10104741825435012
          ],
          [
            "contains",
            0.10103528183002404
          ],
          [
            "discusses",
            0.10102595675700232
          ],
          [
            "natural",
            0.10101199091585834
          ],
          [
            "machine learning",
            0.10098073814122438
          ],
          [
            "content machine",
            0.10096710155865168
          ],
          [
            "discusses natural",
            0.10096438161489091
          ],
          [
            "language",
            0.10093408772927727
          ]
        ],
        "top_words": [
          "machine",
          "natural language",
          "paper contains",
          "contains",
          "discusses",
          "natural",
          "machine learning",
          "content machine",
          "discusses natural",
          "language"
        ]
      },
      {
        "topic_id": 2,
        "words": [
          [
            "discusses natural",
            0.10111982303706961
          ],
          [
            "contains meaningful",
            0.10109567519412953
          ],
          [
            "paper contains",
            0.10105160824670902
          ],
          [
            "meaningful content",
            0.10104564090825441
          ],
          [
            "contains",
            0.10103416777529647
          ],
          [
            "content",
            0.10098478457007523
          ],
          [
            "machine",
            0.10098429780541637
          ],
          [
            "natural",
            0.10098124067865881
          ],
          [
            "processing techniques",
            0.10097773112458959
          ],
          [
            "techniques",
            0.10097396723953056
          ]
        ],
        "top_words": [
          "discusses natural",
          "contains meaningful",
          "paper contains",
          "meaningful content",
          "contains",
          "content",
          "machine",
          "natural",
          "processing techniques",
          "techniques"
        ]
      },
      {
        "topic_id": 3,
        "words": [
          [
            "machine",
            0.10122766047917468
          ],
          [
            "natural language",
            0.10110104018834062
          ],
          [
            "meaningful content",
            0.10107127513337022
          ],
          [
            "natural",
            0.10102744766653068
          ],
          [
            "content machine",
            0.10098936959732527
          ],
          [
            "meaningful",
            0.10097831369574682
          ],
          [
            "discusses",
            0.10097359153823099
          ],
          [
            "techniques",
            0.10095346416880395
          ],
          [
            "learning",
            0.10095258201986228
          ],
          [
            "language processing",
            0.10094343368195108
          ]
        ],
        "top_words": [
          "machine",
          "natural language",
          "meaningful content",
          "natural",
          "content machine",
          "meaningful",
          "discusses",
          "techniques",
          "learning",
          "language processing"
        ]
      },
      {
        "topic_id": 4,
        "words": [
          [
            "paper discusses",
            0.1011552867403035
          ],
          [
            "contains meaningful",
            0.10111810954979294
          ],
          [
            "discusses",
            0.10103427844178367
          ],
          [
            "techniques",
            0.10103134311307811
          ],
          [
            "machine",
            0.10103076027480229
          ],
          [
            "machine learning",
            0.10100217575086413
          ],
          [
            "processing",
            0.10099693707104324
          ],
          [
            "meaningful",
            0.10097782328825691
          ],
          [
            "natural language",
            0.10097740239485568
          ],
          [
            "learning",
            0.10097384111930434
          ]
        ],
        "top_words": [
          "paper discusses",
          "contains meaningful",
          "discusses",
          "techniques",
          "machine",
          "machine learning",
          "processing",
          "meaningful",
          "natural language",
          "learning"
        ]
      },
      {
        "topic_id": 5,
        "words": [
          [
            "language processing",
            0.10110690859412824
          ],
          [
            "contains",
            0.10105101655914293
          ],
          [
            "natural",
            0.10102325340704442
          ],
          [
            "learning",
            0.10101352540509381
          ],
          [
            "meaningful",
            0.10099787669689889
          ],
          [
            "natural language",
            0.1009968719007541
          ],
          [
            "contains meaningful",
            0.100990314564385
          ],
          [
            "discusses natural",
            0.10098257603991438
          ],
          [
            "processing techniques",
            0.10096894180485337
          ],
          [
            "language",
            0.10094759483956786
          ]
        ],
        "top_words": [
          "language processing",
          "contains",
          "natural",
          "learning",
          "meaningful",
          "natural language",
          "contains meaningful",
          "discusses natural",
          "processing techniques",
          "language"
        ]
      },
      {
        "topic_id": 6,