{
  "classification_performance": {
    "overall_metrics": {
      "accuracy": 0.7903225806451613,
      "f1_weighted": 0.7516711007648819,
      "f1_macro": 0.3422107674684995,
      "num_classes": 6,
      "test_samples": 124
    },
    "class_performance": {
      "cs.AI": {
        "precision": 0.819047619047619,
        "recall": 0.9662921348314607,
        "f1_score": 0.8865979381443299,
        "support": 89.0
      },
      "cs.CL": {
        "precision": 0.3333333333333333,
        "recall": 0.1111111111111111,
        "f1_score": 0.16666666666666666,
        "support": 9.0
      },
      "cs.CV": {
        "precision": 1.0,
        "recall": 0.25,
        "f1_score": 0.4,
        "support": 8.0
      },
      "cs.CY": {
        "precision": 0.0,
        "recall": 0.0,
        "f1_score": 0.0,
        "support": 1.0
      },
      "cs.IR": {
        "precision": 0.0,
        "recall": 0.0,
        "f1_score": 0.0,
        "support": 1.0
      },
      "cs.LG": {
        "precision": 0.6428571428571429,
        "recall": 0.5625,
        "f1_score": 0.6,
        "support": 16.0
      },
      "macro avg": {
        "precision": 0.4658730158730158,
        "recall": 0.31498387432376196,
        "f1_score": 0.3422107674684995,
        "support": 124.0
      },
      "weighted avg": {
        "precision": 0.7595238095238096,
        "recall": 0.7903225806451613,
        "f1_score": 0.7516711007648819,
        "support": 124.0
      }
    },
    "model_comparison": {
      "SVM": {
        "cv_score_mean": 0.6071074446827623,
        "cv_score_std": 0.012632108315233787,
        "test_f1": 0.599803119794033
      },
      "LogisticRegression": {
        "cv_score_mean": 0.7350419693099967,
        "cv_score_std": 0.05237208216490498,
        "test_f1": 0.7516711007648819
      }
    },
    "data_insights": {
      "class_imbalance_detected": true,
      "performance_gap": 0.4094603332963824
    },
    "assessment": "Fair"
  },
  "clustering_evaluation": {
    "kmeans_tfidf": {
      "method": "kmeans_tfidf",
      "quality_metrics": {
        "silhouette_score": 0.009105193077772139,
        "calinski_harabasz_score": 3.5101025835126163,
        "inertia": 426.02834359617026
      },
      "cluster_info": {
        "num_clusters": 5,
        "method_type": "K-Means"
      },
      "assessment": "Poor clustering"
    },
    "best_method": "kmeans_tfidf",
    "best_silhouette": 0.009105193077772139
  },
  "cluster_composition": {
    "kmeans_tfidf": {
      "total_clusters": 5,
      "cluster_sizes": [
        54,
        85,
        134,
        44,
        136
      ],
      "category_distribution": {
        "cs.AI": 384,
        "cs.LG": 100,
        "cs.CL": 37,
        "cs.CV": 32,
        "cs.CR": 7,
        "stat.ML": 3,
        "cs.HC": 3,
        "cs.NE": 1,
        "cs.SY": 1,
        "eess.SY": 1
      },
      "quality_insights": {
        "avg_cluster_quality": 0.8726852619700075,
        "quality_std": 0.011274470907044093,
        "min_quality": 0.8553611111111111,
        "max_quality": 0.8872727272727274
      },
      "size_insights": {
        "avg_cluster_size": 90.6,
        "size_std": 38.696769891038706,
        "min_size": 44,
        "max_size": 136,
        "size_imbalance": 3.090909090909091
      }
    }
  }
}