{
  "classification_performance": {
    "overall_metrics": {
      "accuracy": 0.7936507936507936,
      "f1_weighted": 0.7550962533187682,
      "f1_macro": 0.35498978747826676,
      "num_classes": 6,
      "test_samples": 126
    },
    "class_performance": {
      "cs.AI": {
        "precision": 0.8207547169811321,
        "recall": 0.9666666666666667,
        "f1_score": 0.8877551020408163,
        "support": 90.0
      },
      "cs.CL": {
        "precision": 1.0,
        "recall": 0.1111111111111111,
        "f1_score": 0.2,
        "support": 9.0
      },
      "cs.CV": {
        "precision": 0.75,
        "recall": 0.3333333333333333,
        "f1_score": 0.46153846153846156,
        "support": 9.0
      },
      "cs.CY": {
        "precision": 0.0,
        "recall": 0.0,
        "f1_score": 0.0,
        "support": 1.0
      },
      "cs.IR": {
        "precision": 0.0,
        "recall": 0.0,
        "f1_score": 0.0,
        "support": 1.0
      },
      "cs.LG": {
        "precision": 0.6,
        "recall": 0.5625,
        "f1_score": 0.5806451612903226,
        "support": 16.0
      },
      "macro avg": {
        "precision": 0.5284591194968554,
        "recall": 0.32893518518518516,
        "f1_score": 0.35498978747826676,
        "support": 126.0
      },
      "weighted avg": {
        "precision": 0.7874438454627133,
        "recall": 0.7936507936507936,
        "f1_score": 0.7550962533187682,
        "support": 126.0
      }
    },
    "model_comparison": {
      "SVM": {
        "cv_score_mean": 0.5959235839422632,
        "cv_score_std": 0.010364072151047858,
        "test_f1": 0.5952380952380952
      },
      "LogisticRegression": {
        "cv_score_mean": 0.7277807521120734,
        "cv_score_std": 0.05290266183763858,
        "test_f1": 0.7550962533187682
      }
    },
    "data_insights": {
      "class_imbalance_detected": true,
      "performance_gap": 0.4001064658405014
    },
    "assessment": "Fair"
  },
  "clustering_evaluation": {
    "kmeans_tfidf": {
      "method": "kmeans_tfidf",
      "quality_metrics": {
        "silhouette_score": 0.010361838052862489,
        "calinski_harabasz_score": 2.6032674180702537,
        "inertia": 436.1640261668112
      },
      "cluster_info": {
        "num_clusters": 10,
        "method_type": "K-Means"
      },
      "assessment": "Poor clustering"
    },
    "best_method": "kmeans_tfidf",
    "best_silhouette": 0.010361838052862489
  },
  "cluster_composition": {
    "kmeans_tfidf": {
      "total_clusters": 10,
      "cluster_sizes": [
        21,
        110,
        27,
        24,
        23,
        111,
        42,
        51,
        58,
        5
      ],
      "category_distribution": {
        "cs.AI": 386,
        "cs.LG": 102,
        "cs.CV": 49,
        "cs.CL": 38,
        "cs.GR": 11,
        "stat.ML": 6,
        "cs.HC": 4,
        "cs.RO": 4,
        "cs.SD": 3,
        "eess.IV": 2
      },
      "quality_insights": {
        "avg_cluster_quality": 0.8706503579048496,
        "quality_std": 0.013403393477965337,
        "min_quality": 0.8492608695652174,
        "max_quality": 0.8903571428571431
      },
      "size_insights": {
        "avg_cluster_size": 47.2,
        "size_std": 34.88782022425591,
        "min_size": 5,
        "max_size": 111,
        "size_imbalance": 22.2
      }
    }
  }
}