{
  "model_performance": {
    "best_model": "SVM",
    "accuracy": 0.9655172413793104,
    "f1_weighted": 0.9485783424077435,
    "f1_macro": 0.32748538011695905,
    "num_classes": 3,
    "test_samples": 87
  },
  "class_performance": {
    "cs.AI": {
      "precision": 0.9655172413793104,
      "recall": 1.0,
      "f1_score": 0.9824561403508771,
      "support": 84
    },
    "cs.CL": {
      "precision": 0.0,
      "recall": 0.0,
      "f1_score": 0.0,
      "support": 2
    },
    "cs.CV": {
      "precision": 0.0,
      "recall": 0.0,
      "f1_score": 0.0,
      "support": 1
    },
    "macro avg": {
      "precision": 0.3218390804597701,
      "recall": 0.3333333333333333,
      "f1_score": 0.32748538011695905,
      "support": 87
    },
    "weighted avg": {
      "precision": 0.9322235434007136,
      "recall": 0.9655172413793104,
      "f1_score": 0.9485783424077435,
      "support": 87
    }
  },
  "training_info": {
    "models_tested": [
      "SVM",
      "LogisticRegression"
    ],
    "best_cv_score": 0.9415267057733869,
    "cv_std": 0.01725381552380313
  },
  "dataset_info": {
    "total_papers": 296,
    "filtered_for_training": 290,
    "major_classes": [
      "cs.AI",
      "cs.CL",
      "cs.CV"
    ],
    "class_imbalance": "severe (cs.AI: 279, cs.CL: 6, cs.CV: 5)"
  }
}